53593341T;31
89389254U;57
26605711L;83
84939447V;109
78813653Y;135
87166618R;161
31036431K;187
82600262C;213
37976605D;239
39263224U;265
86411414L;291
48973092K;317
74639192F;343
73094251C;369
47307974L;395
35957801O;421
26163399E;447
77908426O;473
89315277W;499
86127620V;525
25895596K;551
25012329F;577
78345291A;603
97954660E;629
77577998L;655
90716120E;681
52111485E;707
74223772K;733
42230753S;759
77239734R;785
45969027R;811
84471133X;837
46147689O;863
27192889I;889
74499579I;915
40066746R;941
23129011Z;967
90757245M;993
83019652R;1019
29802049U;1045
81130632R;1071
90383956B;1097
75104176H;1123
89080598Z;1149
75501894I;1175
43314308B;1201
32639207T;1227
33554005A;1253
76140833J;1279
24156592J;1305
93749717Y;1331
57083733V;1357
71283812U;1383
32472980K;1409
33440648S;1435
84270690B;1461
92542170J;1487
71328958A;1513
70277150K;1539
49072954F;1565
28834389V;1591
98725250L;1617
87358211E;1643
75077306V;1669
33555750Q;1695
78732203T;1721
62036588C;1747
91619418F;1773
80217459G;1799
42510709K;1825
56960758G;1851
56180777H;1877
94213480H;1903
48808886Q;1929
81515898O;1955
27565383W;1981
86534944S;2007
57404795F;2033
97098248D;2059
28393657F;2085
56259199S;2111
50463910M;2137
62356018Q;2163
63025841G;2189
28270946S;2215
99652705J;2241
56454681E;2267
87168242H;2293
41760326A;2319
28406618D;2345
70339971K;2371
46523790J;2397
95032219T;2423
44200920C;2449
39748104D;2475
83781381K;2501
61759724R;2527
49252815I;2553
40366897R;2579
42451449I;2605
96422352H;2631
85793407N;2657
79387074P;2683
89938295A;2709
92214078R;2735
80497851O;2761
58021072F;2787
33405832J;2813
27050137S;2839
39485348H;2865
28762189P;2891
94228749S;2917
54793414T;2943
9
